sku,attribute_set,type,store,configurable_attributes,config_size,name,att_eby_title,att_eby_subtitle,description,att_bullet1,att_bullet2,att_bullet3,att_bullet4,att_bullet5,att_ean,price,special_price,rrp,qty,is_in_stock,manage_stock,use_config_manage_stock,status,visibility,weight,categories,tax_class_id,thumbnail,small_image,image,media_gallery,att_amz_title,att_asin,att_cost
Configurable Test Size Small,Size,simple,admin,config_size,Small,Configurable Test Size Small,Configurable Test Size Small eBay Title,Configurable Test Size Small eBay Subtitle,<p>This is a test product description</p>,This is bullet point 1,This is bullet point 2,This is bullet point 3,This is bullet point 4,And this is bullet point 5!,,1.99,,,0,1,1,1,1,"Catalog, Search",0,Internal Use/Magmi Test Category,None,http://cpcstrategy.com/wp-content/uploads/2013/04/Magento-Logo.jpg,http://cpcstrategy.com/wp-content/uploads/2013/04/Magento-Logo.jpg,http://cpcstrategy.com/wp-content/uploads/2013/04/Magento-Logo.jpg,http://cpcstrategy.com/wp-content/uploads/2013/04/Magento-Logo.jpg;http://blog.ebay.com/wp-content/uploads/2013/04/ebayinclogo_blogfeatured2-570x398.jpg,,,
Configurable Test Size Medium,Size,simple,admin,config_size,Medium,Configurable Test Size Medium,Configurable Test Size Medium eBay Title,Configurable Test Size Medium eBay Subtitle,<p>This is a test product description</p>,This is bullet point 1,This is bullet point 2,This is bullet point 3,This is bullet point 4,And this is bullet point 5!,,1,,,0,1,1,1,1,"Catalog, Search",0,Internal Use/Magmi Test Category,None,http://cpcstrategy.com/wp-content/uploads/2013/04/Magento-Logo.jpg,http://cpcstrategy.com/wp-content/uploads/2013/04/Magento-Logo.jpg,http://cpcstrategy.com/wp-content/uploads/2013/04/Magento-Logo.jpg,http://cpcstrategy.com/wp-content/uploads/2013/04/Magento-Logo.jpg;http://blog.ebay.com/wp-content/uploads/2013/04/ebayinclogo_blogfeatured2-570x398.jpg,,,
Configurable Test Size Large,Size,simple,admin,config_size,Large,Configurable Test Size Large,Configurable Test Size Large eBay Title,Configurable Test Size Large eBay Subtitle,<p>This is a test product description</p>,This is bullet point 1,This is bullet point 2,This is bullet point 3,This is bullet point 4,And this is bullet point 5!,,1,,,0,1,1,1,1,"Catalog, Search",0,Internal Use/Magmi Test Category,None,http://cpcstrategy.com/wp-content/uploads/2013/04/Magento-Logo.jpg,http://cpcstrategy.com/wp-content/uploads/2013/04/Magento-Logo.jpg,http://cpcstrategy.com/wp-content/uploads/2013/04/Magento-Logo.jpg,http://cpcstrategy.com/wp-content/uploads/2013/04/Magento-Logo.jpg;http://blog.ebay.com/wp-content/uploads/2013/04/ebayinclogo_blogfeatured2-570x398.jpg,,,
Configurable Test Size Parent,Size,configurable,admin,config_size,,Configurable Test Size Parent,Configurable Test Size Parent eBay Title,Configurable Test Size Parent eBay Subtitle,<p>This is a test product description</p>,This is bullet point 1,This is bullet point 2,This is bullet point 3,This is bullet point 4,And this is bullet point 5!,,1,,,0,1,1,1,1,"Catalog, Search",0,Internal Use/Magmi Test Category,None,http://cpcstrategy.com/wp-content/uploads/2013/04/Magento-Logo.jpg,http://cpcstrategy.com/wp-content/uploads/2013/04/Magento-Logo.jpg,http://cpcstrategy.com/wp-content/uploads/2013/04/Magento-Logo.jpg,http://cpcstrategy.com/wp-content/uploads/2013/04/Magento-Logo.jpg;http://blog.ebay.com/wp-content/uploads/2013/04/ebayinclogo_blogfeatured2-570x398.jpg,,,
