sku`Options:drop_down:1
9-config`Even Z Fold|Uneven Z Fold
10-config`With Blockouts|With Blockouts and Blue Tint
14-config`Blue|Red|Green
17-config`Blue|Red|Green
20-config`Blue|Red|Green
22-config`Blue|Red|Green
23-config`Blue|Red|Green
24-config`Blue|Red|Green
25-config`Blue|Red|Green
26-config`Blue|Red|Green
28-config`Red|Blue|Green
40-config`Blue|Green|Burgundy
60-config`Integrated 1 Per Sheet|Integrated 2 Per Sheet
62-config`All Plastic- 8 UP|All Plastic- 6 UP
66-config`With Backer Instructions|Without Backer Instructions
67-config`Reflex Blue|300 Blue|Process Blue|Burgundy|185 Red|Warm Red|348 Green|354 Green|161 Brown|471 Brown|Orange|Gray|Black
73-config`Right Window
79-config`English|Spanish
92-config`Oxygen|Hospital Beds|Support Surfaces|Motorized Wheelchairs|Manual Wheelchairs|Positive Airway Pressure|Lymphedema Pumps|Osteogenesis Stimulator|Transcutaneous Electrical|Seat Lift Mechanism
102-config`MD, DO, DDS, DMD, DPM, DVM|Nurse Practitioner|Physician Assistant|Healthcare Facility|Eyewear|TPA Certified
103-config`Blue Return Envelope|Canary Return Envelope|Green Return Envelope|Grey Return Envelope|Ivory Return Envelope|Pink Return Envelope|White Return Envelope
105-config`Blue|Green|Burgundy
131-config`2006 Edition/Blue Ink
132-config`2012 Edition/Black Ink
133-config`2012 Edition/Black Ink
134-config`Perforation 3.0 from top|Perforation 3 1/2 from top|Perforation 3 2/3 from top
164-config`Green Marble|Tan Marble|Blue|Grey|Cranberry|Blue Marble|Mauve Marble|Yellow Marble|Orange Marble|Turquoise Marble|Teal Marble|Green|Purple
168-config`With Backer Instructions|Without Backer Instructions
170-config`Portrait Format|Landscape Format
173-config`Bridgewater Prescription Blanks|Mendham Prescription Blanks|Morristown Prescription Blanks
185-config`Regular Format|Nurse Practitioner|Physician Assistant
192-config`Blue|Gold|Grey|Green|Pink
195-config`Blue|Green|Pink|Gold|Grey
196-config`Blue|Green|Gold|Pink|Grey
197-config`Blue|Gold|Green|Pink|Grey
198-config`Blue|Green|Gold|Pink|Grey
199-config`Blue|Burgundy
201-config`Blue|Green|Yellow
205-config`Blue|Gold|Green|Rose
206-config`Blue|Gold|Green|Rose
207-config`Blue|Tan|Green|Rose
208-config`Green|Gold|Blue|Rose
209-config`Blue|Green|Rose|Tan
210-config`Blue|Gold|Green|Rose
211-config`Blue|Brown|Gold|Grey
217-config`Blue|Green|Gold|Rose
218-config`Blue|Gold|Green|Rose
224-config`Regular Format|Nurse Practitioner|Physician Assistant
261-config`Federal Copy A - Employer|State/Local, or Copy D - Employer|Federal Copy B - Employee|Record Copy C - Employee|State/Local/City - Employee _
263-config`With Backer Instructions|No Backer
264-config`Double Window Envelopes
266-config`Federal Copy A|Recipient Copy B|Recipient Copy C
267-config`Federal Copy A|Recipient Copy B|Payer/State Copy C
268-config`Federal Copy A|Recipient Copy B|Payer/State Copy C|Recipient State Copy 2
269-config`Federal Copy A|Student Copy B|State Copy C|State Copy C2
279-config`Double Window Envelope|Single Window Envelope
280-config`2 up with 1099 Misc. with Backer Instructions|3 up For 1099, 1098, 5498|4 up with 1099R with Backer Instructions
281-config`Federal Copy A|Student Copy B|State Copy C
286-config`Federal Copy|Recipient Copy|Payer/State Copy
292-config`St. Petersburg Shores -Payroll| St. Petersburg Shores -Operating Acct.| Hebrew Home Sinai - Operating Account|Arch Plaza-Operating Account|Hebrew Home North Dade-Operating Account| Plaza North-Operating Account|Jackson Plaza-Operating Account|West Gables- Operating Account|Miami Shores- Payroll Account|Sandy Park- Payroll Account|Palm Beach Shores- Payroll Account|Eden Springs-Payroll Account|Hebrew Home S.B- Operating Account|Hialeah Shores N & R- Payroll Account|West Gables- Payroll Account
313-config`With Holes|No Holes
336-config`Abdomen-Yellow Green Border|Angio-Magenta Border|B.E.(Barium Enema)-Gold Border|Bone-Yellow Border|Chest-Brown Border|C.T (Cat Scan)-Kelly Green Border|D.S.A.-Magenta Border|Extremities-Yellow border|Gall Bladder-Light Green Border|G.I. (Gastro Intestinal)-Gray Border|G.U. (Gastro Urinary)-Orange Border|Head & Neck-Blue Border|IVP-Peach Border|Mammography-Dark Blue Border|Miscellaneous|M.R.I.-Rust Border|Nuclear Medicine-Red Border|Special Procedures-Olive Border|Spine-Black Border|Ultrasound-Purple Border|Radiation Oncology -Orange|Mammograph-Pink Border
361-config`Abdomen-Yellow Green Border|Angio-Magenta Border|B.E.(Barium Enema)-Gold Border|Bone-Yellow Border|Chest-Brown Border|C.T (Cat Scan)-Kelly Green Border|D.S.A.-Magenta Border|Extremities-Yellow Border|Gall Bladder-Light Green Border|G.I. (Gastro Intestinal)-Gray Border|G.U. (Gastro Urinary)-Orange Border|Head & Neck-Blue Border|IVP-Peach Border|Mammography-Dark Blue Border|Miscellaneous|M.R.I.-Rust Border|Nuclear Medicine-Red Border|Special Procedures-Olive Border|Spine-Black Border|Ultrasound-Purple Border|Radiation Oncology
362-config`C.T (Cat Scan)-Kelly Green Border|Mammography-Dark Blue Border|Nuclear Medicine-Red Border|Ultrasound-Purple Border
363-config`C.T (Cat Scan)-Kelly Green Border|Mammography-Dark Blue Border|Nuclear Medicine-Red Border|Ultrasound-Purple Border
364-config`18 x 14 1/2|18 1/4 x 14 1/2|18 1/2 x 14 1/2|19 x 14 1/2
365-config`18 x 14 1/2 with pocket|18 1/4 x 14 1/2 with pocket|18 1/2 x 14 1/2 with pocket|19 x 14 1/2 with pocket
370-config`Jeter Compatible|Smead Compatible|Barkley Compatible
371-config`Smead Compatible|Jeter Compatible|Barkley Compatible
372-config`Jeter Compatible|Smead Compatible|Barkley Compatible
373-config`Yellow|Lavender|Green|Gray|White|Pink|Goldenrod|Orange|Blue|Red|Brown|Tan
374-config`Yellow|Lavender|Green|Gray|White|Pink|Goldenrod|Orange|Blue|Red|Brown|Tan
375-config`Yellow|Lavender|Green|Gray|White|Pink|Goldenrod|Orange|Blue|Red|Brown|Tan
376-config`Script Left Top
386-config`Kashnikow|Gressianu
389-config`Blue|Gold|Green|Rose
405-config`Light Blue|Burgundy|Light Green|Light Blue (BILINGUAL)
416-config`Right Window-Imprint Left Corner
425-config`Blue|Green|Rose|Tan
426-config`Blue|Gold|Green|Rose
427-config`Blue|Gold|Green|Rose
431-config`Blue|Brown|Gold|Grey|Green
437-config`1 controlled substance per script|Multiple Controlled Substances 
442-config`Blue|Gold|Green|Rose
446-config`Brown Pegboard|Green Pegboard|Blue Pegboard|Black Pegboard|Rose Pegboard
448-config`Blue|Green|Rose|Gold
451-config`Blue|Brown|Gold|Grey|Green
459-config`FL|DC|PA|TX|Small Generic Scripts|CA
469-config`Copy A|Copy B|Copy C
474-config`Black Ink
475-config`Black Ink
486-config`Canary with Perforation 3.0 from top|Canary with Perforation 3 1/2 from top|Canary with Perforation 3 2/3 from top|Blue with Perforation 3.0 from top|Blue with Perforation 3 1/2 from top|Blue with Perforation 3 2/3 from top|Green with Perforation 3.0 from top|Green with Perforation 3 1/2 from top|Green with Perforation 3 2/3 from top|Pink with Perforation 3.0 from top|Pink with Perforation 3 1/2 from top|Pink with Perforation 3 2/3 from top
491-config`Arkansas|Alabama|Arizona|California (Non-Controlled)|Colorado|Connecticut|District of Columbia|Delaware|Florida|Georgia|Hawaii|Iowa|Idaho|Illinois|Indiana|Kansas|Kentucky|Louisiana|Massachusetts|Maryland|Maine|Michigan|Minnesota|Missouri|Montana|North Carolina|North Dakota|Nebraska|New Hampshire|New Mexico|Nevada|Ohio|Oklahoma|Oregon|Pennsylvania|Rhode Island|South Dakota|Tennessee|Texas|Utah|Virginia|Vermont|Washington|Wisconsin|West Virginia|Wyoming
521-config`1 controlled substance per script|Multiple Controlled Substances 
524-config`Regular Format|Nurse Practitioner|Physician Assistant
525-config`Regular Format|Nurse Practitioner|Physician Assistant
526-config`Nurse Practitioner|Physician Assistant
533-config`Prismatic Blue to Red|Prismatic Blue to Green|Prismatic Green to Blue|Prismatic Gray to Burgundy|Solid - Reflex|Solid - Burgundy|Solid - Green|Solid Brown
534-config`Prismatic Blue to Red|Prismatic Green to Blue
542-config`Prismatic Blue to Red|Prismatic Blue to Green|Prismatic Green to Blue|Prismatic Gray to Burgundy|Solid - Reflex|Solid - Burgundy|Solid - Green|Solid Brown
543-config`Red to Blue Prismatic|Green to Blue Prismatic
546-config`Green|Reflex Blue|Prismatic Red to Blue|Prismatic Green to Blue
548-config`Burgundy|Green|Reflex Blue|Prismatic Blue to Green|Prismatic Burgundy to Gray|Prismatic Red to Blue|Prismatic Green to Blue
558-config`For: MD, DO, DDS, DMD, DPM, DVM|Nurse Practitioner|Physician Assistant
569-config`Eye Care Assoc. of NJ|Michelle Liu, M.D.|Bernd Kutzscher, M.D.|Lotus Eye Care|St Mary's Eye Specialists|CPMC Pacific Campus|Ophthalmology Consult.|S. Harrison & T. Chou|Park Aven Occuplastic|Treasure Valley Eye|Lamirada Eye|Pacific Eye Specialists|Collegeville Eye Physicians
578-config`Automobile|Bakery |Florist (Classic design)|Building Materials|Garden Supply|Locksmith|Marine|Multi-Purpose|Multi-Purpose (Special Wording)|Picture Frames|Florist 
579-config`Clothing|Jewelry|Shoe Repair|Service Station
580-config`
590-config`Blue|Gold|Green|Rose
598-config`Nurse Practitioner|Physician Assistant
599-config`DUPLICATE DISTRIBUTIONS CHECKS, GREEN
612-config`82nd St.(Indianapolis, IN)|Keystone Ave. (Indianapolis, IN)|Park Ave. (Alexandria, IN)|Main St. (Greensburg, IN)|817 E. McCord St. (Centralia, IL)|Sandwich, IL|Russels Point, OH|Springfield, OH (Fountain Ave)|Springfield, OH (E. Main St.)|Findlay, OH|Mt. Vernon, OH|Salem, IL|Somers, CT|Gary, IN|Chicago, IL|Jewett City, CT|Naugatuck, CT|Watertown, CT|Centerville, OH|Urbana, OH|New Albany, IN|Plains, PA|Williamsport, PA|Charleston, SC|Hillsborough, NC|Aliquippa, PA|Sharon, PA|Raleigh, NC|Bowling Green, KY|Paramus, NJ|Vauxhall, NJ|Franklinton, NC|Johns Island, SC|Hanahan, SC|Middletown, OH|Aghanya-Paramus, NJ|Imperio-Paramus, NJ
629-config`Brown|Grey to Burgundy
633-config`Red - 2 perforations 3 2/3|Green 2 perforations 3 2/3
664-config`Blue|Green|Rose|Tan
665-config`Rose|Green|Gold|Blue
683-config`Clear|White 
684-config`White|Clear
685-config`Clear
709-config`Collins|Ford|Sumrall
710-config`S. Girgis|Muhammad Siddique|Pediatric Associates of Central NJ|Pediatric Associates(Brick)|Pediatric Care Physicians|Academy Pediatrics|Allergy & Ped. Assoc. of Jersey Shore|Uma Sundaram, MD|Mid Jersey Pediatrics|Melindres Lim|Purnachander Sirikonda|Winston Umali|Aldona Skripkus|Severiano San Juan|Ricardo Ferraz|Julia Bramwell|Rodrigo Castillo|Elma Castillo|Lori Colyer-Aversa
728-config`Blue Ink (Reflex)|Black Ink|Blue Ink (Process)|Blue Ink (PMS300)|Blue Ink (PMS281)|Blue Ink (PMS314)|Burgundy (201)|Burgundy (208)|Burgundy (209)|Red (185)|Green (342)|Green (348)|Brown (175)|Brown (464)|Brown (471)|Grey (423)
729-config`281 Blue Background|208 Burgundy Background|342 Green Background|314 Teal Background|261 Purple Background|469 Brown Background|185 Red Background|Prismatic Background
745-config`Little Acorn|Stage 1|Kinderworld|Room to Grow
746-config`Comedy Defensive Driving|Speedy Relief
747-config`Blue Background|Gold Background|Green Background|Gey Background|Pink Background
751-config`Riverview|Lauderdale Lakes|Hialeah|West Palm Beach|Pembroke Pines|Miami|Clearwater|Orlando(ECLIPSE)
757-config`Apt. #1|Apt. #2
775-config`Erlanger|Kingsport|Shawnee|Frankfort|Oklahoma City
786-config`Voorhees|Sewell (Voorhees Docs)|Sewell (Sewell Docs)|Woodbury
805-config`Lobardi's on the Sound|Villa Lombardis |Lombardi's On The Bay|Lombardi Specialty Products
813-config`Blue Imprinted Envelopes|Canary Imprinted Envelopes|Pink Imprinted Envelopes
814-config`Two glued inside pockets|Two unglued inside pockets|One glued inside left pocket|One glued inside right pocket
822-config`One glued inside right pocket|One glued inside left pocket|Two glued inside pockets|Two unglued inside pockets
824-config`Green|Gold|Blue|Grey|Brown
825-config`Gold|Brown|Blue|Green|Grey
830-config`St. Mary's Eye & Surgery|Diane H. Campo, M.D.|NJ Regional Eye Care|NJ Regional Eye (Eye Wear Rx)|NJ Regional Eye (TPA Rx)|Westwood Ophthalmology|Woodcliff Lake Ophthalmology|Tenafly Eye Associates|Bradley D. Geller, M.D.|Advanced Eye Care|Retina Associates of NJ|Hudson Eye Physicians
833-config`6-UP - 3.33 x 4|6-UP - 3.33 x 4|2-UP - 5.5 x 8.5|30-UP - 1 x 2.625|4-UP - 4 x 5|4-UP - 4.25 x 5.5|1-UP - 8.5 x 11|10-UP - 2 x 4|6-UP - 3 x 4|1-UP - 8.188 x 11 w/ Stub|10-UP - 2 x 3.5|8-UP - 2.5 x 4|8-UP - 2.75 x 4.25|80-UP - .5 x 1.75|6-UP - 3.25 x 4|10-UP - 2 x 4 with perf.|8-UP - 2.5 x 4|20-UP - 1 x 4|3-UP - 3.5 x 8.5|24-UP CIRCLES - 1.67 Diameter|12-UP CIRCLES - 2.5 Diameter
842-config`Prescriptions (Clifton)|Prescriptions (Pompton Lakes)
870-config`Blue Ink with M/C & VISA|Burgundy with M/C & VISA|Green Ink with M/C & VISA|Blue Ink No CC Info|Burgundy Ink No CC Info|Green Ink No CC Info|Blue Ink with M/C, VISA, AMEX & Discover|Burgundy Ink with M/C, VISA, AMEX & Discover|Green Ink with M/C, VISA, AMEX & Discover
874-config`TPA Certified|Physician Assistant|Nurse Practitioner|MD, DO, DDS, DMD, DPM, DVM|Healthcare Facility|Eyewear
890-config`Bright Yellow Matte
927-config`Duplicate Checks (Sovereign Bank)|Duplicate Checks (Chase Bank)
947-config`Healthcare Facility Scripts (West New York)|Healthcare Facility Scripts (Hackensack)|Healthcare Facility Scripts (110-Passaic)|Healthcare Facility Scripts (WNY-NP-Walsh)|Healthcare Facility Scripts (Garfield)|Healthcare Facility Scripts (148-Passaic)|Healthcare Facility Scripts (N. Bergen)|Healthcare Facility Scripts (Union City)|NJ Scripts- Vitievsky|NP Scripts- Masso-Hack|NP Scripts- Busdsetti|NJ Scripts- Kondoleao|NJ Scripts- De La Rosa|NJ Scripts- Patel|NJ Scripts- Bhaskarabhatla|NP Scripts- Tejeiro|NJ Scripts- Poblete|NP Scripts- ONeill|NJ Scripts- R. Ramos|NJ Scripts- Lenor Ramos|NJ Scripts- Veloso|NP Scripts- McEntee|NP Scripts- Walsh|NJ Scripts- Fayngersh|Healthcare Facility Scripts (Jersey City)|NP Scripts (WNY-NP-Walsh)|NP Scripts- Masso-WNY|NJ Scripts- Amy Patel|NJ Scripts- Daxa Surti|NJ Scripts- Michael Ahn|NJ Scripts- Luz Ramos|NJ Scripts- K. Cahill|NJ Scripts- Poblete|NJ Scripts- Mason-Eastmond|NJ Scripts- Rosenzveig|NJ Scripts- Biedleman|NJ Scripts- Quintanilla|NJ Scripts- Jenkins|NJ Scripts- H
952-config`Duplicate Rental Receipt (Better Life)|Duplicate Rental Receipt (Gateway)
955-config`Lama, LLC Laser Payroll Check|R.P.F. Laser Payroll Check
958-config`Alabama|Arizona|Arkansas|Colorado|Connecticut|Hawaii|Idaho|Illinois|Iowa|Kansas|Louisiana|Maryland|Massachusetts|Michigan|Minnesota|Mississippi |Missouri |Montana |Nebraska|Nevada|New Hampshire|New Mexico |North Carolina|North Dakota|Ohio |Oklahoma|Oregon |Pennsylvania |Rhode Island |South Carolina|South Dakota|Tennessee |Texas |Utah|Vermont |Virginia|Washington |West Virginia|Wisconsin |Wyoming |District of Columbia |U.S. Territories
970-config`Ohio|Alabama|Arizona|Arkansas|Colorado|Connecticut|Hawaii|Illinois|Kansas|Louisiana|Maryland|Massachusetts|Michigan|Minnesota|Mississippi |Missouri|Montana|Nebraska|Nevada|New Hampshire|New Mexico|North Carolina|Oklahoma|Oregon|Pennsylvania|Rhode Island|South Carolina|South Dakota|Tennessee|Texas|Utah|Vermont|Virginia|Washington|West Virginia|Wisconsin|District of Columbia |U.S. Territories|Iowa
979-config`Phillips Eye Center|Phillips Eye Center-2 Physicians|Hudson Eye Specialists|Winston J. Scott, M.D.|Glaucoma Center|Lappin
983-config`Alabama|Arizona|Arkansas|Colorado|Connecticut|Delaware|Florida|Georgia|Hawaii|Idaho|Illinois|Iowa|Kansas|Louisiana|Maryland|Massachusetts|Michigan|Minnesota|Mississippi |Missouri |Montana |Nebraska|Nevada|New Hampshire|New Mexico |North Carolina|North Dakota|Ohio |Oklahoma|Oregon |Pennsylvania |Rhode Island |South Carolina|South Dakota|Tennessee |Texas |Utah|Vermont |Virginia|Washington |West Virginia|Wisconsin |Wyoming |District of Columbia |U.S. Territories
999-config`Insurance Claim Forms
1007-config`Disbursement Checks (R.P.F.)
1008-config`Rothman
1010-config`Prismatic Green to Blue|Reflex Blue|Prismatic Red to Blue|Green
1011-config`Blue
1018-config`Charcoal|Blue |Green
1048-config` 
1052-config`For: MD, DO, DDS, DMD, DPM, DVM Positioned Top Center |For: MD, DO, DDS, DMD, DPM, DVM Positioned Top Left |Nurse Practitioner - Positioned Top Center |Nurse Practitioner - Positioned Top Left|Physician Assistant - Positioned Top Center |Physician Assistant - Positioned Top Left|Healthcare Facility - Positioned Top Center |Healthcare Facility - Positioned Top Left
1056-config`Blue Background
1074-config`Prints Top Left - Landscape|Prints Bottom Left - Landscape
1109-config`TPA NJ Prescription Pads-Clifton Office|TPA NJ Prescription Pads-Pompton Lakes Office
1121-config`Cardiology Associates(Non-Controlled)|Cardiology Associates (Controlled)
1124-config`for 5 1/2 x 8 1/2 
1131-config`Cwiklinski|Gaines
1134-config`Copy A|Copy B|Copy C
1136-config`Green|Brown|Blue
1149-config`Operating|Patient Trust
1151-config`Perforation 3.0 from top|Perforation 3 1/2 from top|Perforation 3 2/3 from top
1152-config`Canary - Perforation 3.0 from top|Canary - Perforation 3.5 from top|Canary - Perforation 3 2/3 from top|Blue - Perforation 3.0 from top|Blue - Perforation 3.5 from top|Blue - Perforation 3 2/3 from top|Green - Perforation 3.0 from top|Green - Perforation 3.5 from top|Green - Perforation 3 2/3 from top|Pink - Perforation 3.0 from top|Pink - Perforation 3.5 from top|Pink - Perforation 3 2/3 from top
1160-config`Blue Return Envelope|Canary Return Envelope|Green Return Envelope|Grey Return Envelope|Ivory Return Envelope|Pink Return Envelope|White Return Envelope
1174-config`MD, DO, DDS, DMD, DPM, DVM
1186-config`MD, DO, DDS, DMD, DPM, DVM|Nurse Practitioner|Physician Assistant|Healthcare Facility
1192-config`West Sacramento Location|Hayward Location
1197-config`TPA Certified|Physician Assistant|Nurse Practitioner|MD, DO, DDS, DMD, DPM, DVM|Healthcare Facility|Eyewear
1202-config`2 Part Scripts
1215-config`Optometrist Rx-Pamela Z. Rajkowski, O.D.
1234-config`Landscape Format|Portrait Format
1257-config`1 Script - Top Left|4 Scripts per page
1266-config`MD Format|NP Format|TPA Format|Optometrist Format - OD
1273-config`Integrated 1 Per Sheet|Integrated 2 Per Sheet
1274-config`All Plastic- 6 UP|All Plastic- 8 UP
1297-config`Ariz R. Mehta, M.D.-Two Part Rx Pads
1305-config`Clear
1309-config`Nurse Practitioner |Healthcare Facility |MD, DO, DDS, DPM, DVM
1312-config`Drs. Antonello/McNeill-Riddle Eye Associates|Dr. Lebowitz/Delaware Ophthalmology Consultants|Dr. Liss-Chester Co Eye Care Associates|Dr. Lisa Linder|Dr. Marguerite Billbrough & Associates|Dr. George Popel/Eye Center of DE
1324-config`Blue Reply Envelope-ABEL CENTER|Canary Reply Envelope-EYE CONSULTANTS
1326-config`Blue |Cream|Grey|Green|Pink|Salmon|White
1345-config`Bellmore|Tile Imports|Manhasset
1346-config`Bellmore|Tile Imports|Manhasset
1396-config`Left Justify - MD, DO, DDS, DMD, DPM, DVM|Center Justify - MD, DO, DDS, DMD, DPM, DVM|Center Justify - Healthcare Facility
1399-config`Blue Portrait|Blue Landscape
1408-config`Flooring Liquidators, Inc.-Blue check
1409-config`Clear|White 
1439-config`Purple File Folder|Green File Folder|Yellow File Folder|Orange File Folder|Blue File Folder
1440-config`Landscape|Portrait
1451-config`MD, DO, DDS, DMD, DPM, DVM|Nurse Practitioner|Physician Assistant|Healthcare Facility|Eyewear|TPA Certified
1492-config`NJ Laser Scripts-Nurse Practitioner|NJ Laser Scripts-MD, DO|NJ Laser Scripts-Physician Assist.
1498-config`DE Portrait Rx Julianne Lin, M.D.
1513-config`Prints 4 over 0|Prints 4 over 1 (Black)|Prints 4 over 4
1514-config`Semi Gloss coating|Super Hi-Gloss Coating
1525-config`Z- Fold|Half-Fold|Tri-fold
1528-config`Full Color Front only|Full Color Front - Black on back|Full Color Both Sides
1535-config`Blue|Cream|Grey|Green|Pink|Salmon|White|Goldenrod|Orchid
1557-config`WILMINGTON / Metro Ports|Savannah
1643-config`West Dallas Receipt Books|Main Office Receipt Books|Immigration Services (Main Office)|Immigration Services (W. Dallas)|Pregnancy & Adoption Services|Refugee Services
1677-config`MD, DO, DDS, DMD, DPM, DVM|Eyewear
1702-config`NP Laser Scripts|MD Laser Scripts
1769-config`Environmental|Public Health
1771-config`Public Health|Environmental Public Health
1783-config`S.Webb - Nurse Home Visitor Forms|S. Peterka - Nurse Home Visitor Forms|E. Cooksey -Nurse Home Visitor Forms
1785-config`Business Cards|Promo Cards - English|Promo Cards - Spanish|Referral Cards - English|Referral Cards - Spanish
1794-config`NJ Scripts|NJ Scripts - Optical|NJ Scripts - Medication|NJ Scripts- Not Valid for Controlled
1813-config`Patient Treatment Form|New Patient Treatment Form
1814-config`NWFOC - CHASE Operating Acct.|NWFOC - CHASE IOTA Acct.|NWFOC - PNC IOTA Acct|NWFOC - Fifth Third IOTA Acct.|NWST - CHASE Operating Acct.|NWST - CHASE IOTA Acct.|NWT Family - CHASE IOTA Acct.|NWT Family - PNC IOTA Acct.|NWT Family - Fifth Third IOTA Acct.|NWT Family - CHASE Operating Acct.|Arrow - PNC IOTA|NWT Family - CHASE IOTA -FLORIDA
1815-config`Holfinger - Operating Acct|Holfinger - IOLTA Acct|Northwest select - Escrow for B of A Acct|Arrow - IOTA Acct|Arrow - IOTA Acct (PNC)
1848-config`MD Scripts|Nurse Scripts
1864-config`Blue
1865-config`DO Script|NP Script
1919-config`NJ Scripts|NJ Scripts
1967-config`MD, DO, DDS, DMD, DPM, DVM|Nurse Practitioner|Physician Assistant|Healthcare Facility|Eyewear|TPA Certified
2005-config`MD, DO, DDS, DMD, DPM, DVM|Nurse Practitioner|Physician Assistant|Healthcare Facility|Eyewear|TPA Certified
2042-config`Czajka & Sirak Letterhead|Other Physicians Letterhead
2072-config`Physician|Non-Physician
2077-config`Business Advisors Cards|How to Plan & Sell
2109-config`NJ MD SCRIPTS|NJ NURSE SCRIPTS
2110-config`Left Justify - MD, DO, DDS, DMD, DPM, DVM|Center Justify - MD, DO, DDS, DMD, DPM, DVM|Center Justify - Healthcare Facility
2111-config`MD, DO, DDS, DMD, DPM, DVM|Nurse Practitioner|Physician Assistant|Healthcare Facility|Eyewear|TPA Certified
2112-config`MD, DO, DDS, DMD, DPM, DVM
2121-config`TPA Certified|Eyewear|Nurse Practitioner|Physician Assistant|Healthcare Facility|MD, DO, DDS, DMD, DPM, DVM
2122-config`NJ Laser Scripts - Left|NJ Laser Scripts - Center
2128-config`Center Justify - Healthcare Facility|Center Justify - MD, DO, DDS, DMD, D|Left Justify - MD, DO, DDS, DMD, DP
2129-config`MD, DO, DDS, DMD, DPM, DVM
2130-config`TPA Certified|Physician Assistant|Nurse Practitioner|MD, DO, DDS, DMD, DPM, DVM|Healthcare Facility|Eyewear
2133-config`TPA Certified|Physician Assistant|Nurse Practitioner|MD, DO, DDS, DMD, DPM, DVM|Healthcare Facility|Eyewear
2139-config`MD, DO, DDS, DMD, DPM, DVM|Nurse Practitioner|Physician Assistant|Healthcare Facility|Eyewear|TPA Certified
2148-config`MD, DO, DDS, DMD, DPM, DVM|Nurse Practitioner|Physician Assistant|Eyewear|TPA Certified|Healthcare Facility
2151-config`MD, DO, DDS, DMD, DPM, DVM|Nurse Practitioner|Physician Assistant|Healthcare Facility|TPA Certified
2157-config`MD, DO, DDS, DMD, DPM, DVM|Nurse Practitioner|Physician Assistant|Healthcare Facility|Eyewear|TPA Certified
2171-config`NJ Left Laser|NJ Center Laser
2176-config`MD, DO, DDS, DMD, DPM, DVM|Nurse Practitioner|Physician Assistant|Healthcare Facility|Eyewear|TPA Certified
2181-config`TPA Certified
2185-config`Laser Left EMR|Laser Center EMR|Laser Left Healthcare EMR
2187-config`Primary Care Clinic|Abrom Kaplan Memorial Hospital
2193-config`MD, DO, DDS, DMD, DPM, DVM|Nurse Practitioner|Physician Assistant|Healthcare Facility|Eyewear|TPA Certified
2195-config`MD, DO, DDS, DMD, DPM, DVM
2201-config`MD, DO, DDS, DMD, DPM, DVM|Nurse Practitioner|Physician Assistant|Healthcare Facility|Eyewear|TPA Certified
2209-config`Memorial Med. Center|Fish Memorial
2210-config`MD, DO, DDS, DMD, DPM, DVM|Midwife scripts
2229-config`Tamper Resistant Scripts
2239-config`Klotz Electric Checks|Roy and Deb|K9Jym
2243-config`Union County Health Department|Local Health Maintenance Fund
2247-config`Ridgedale Park Associates
2256-config`MD, DO, DDS, DMD, DPM, DVM|Nurse Practitioner|Physician Assistant|Healthcare Facility|Eyewear|TPA Certified
2269-config`For General Office|Brian Tasto|James Tasto|Richard Harmetz|Andrea Blum|Judy Lee|Evelyne Vu-Tien|Carmel Valley Pediatric Dentistry|Richard Grant|Steven Jaksha|Scripps Ranch Family Dentistry|Andrew Meshnik|Roxana Ramezani |Moser Orthodontics
2278-config`NJ Scripts - Shahed Abbasi|NJ Scripts - Bdiiwi|NJ Scripts - Brelvi |NJ Scripts - Capitle|NJ Scripts - Bojito|NJ Scripts - Ahmed M.|NJ Scripts - Mazza|NJ Scripts - Schutzer|NJ Scripts - Demyen|NJ Scripts - Pergament|NJ Scripts - Sushil Ahlawat|NJ Scripts - Lingiah|NJ Scripts - Wang|NJ Scripts - Pyrsopoulos
2279-config`EMR Scripts - Suite #3500|EMR Scripts - Suite #4400|EMR Scripts - Suite #4500|EMR Scripts - Suite #2100
2335-config`MD, DO, DDS, DMD, DPM, DVM|Nurse Practitioner|Physician Assistant|Healthcare Facility|eyewear|TPA Certified
2343-config`Blue Ink with M/C & VISA
2355-config`MD, DO, DDS, DMD, DPM, DVM
2358-config`Huntington GYN|Babylon GYN|Deer Park GYN
2369-config`OB Referrals- Babylon|OB Referrals- Deer Park|OB Referrals- Huntington
2390-config`Blue Ink No CC Info|Blue Ink with M/C & VISA|Burgundy with M/C & VISA|Green Ink with M/C & VISA|Burgundy Ink No CC Info|Green Ink No CC Info|Blue Ink with M/C, VISA, AMEX & Discover|Burgundy Ink with M/C, VISA, AMEX & Discover|Green Ink with M/C, VISA, AMEX & Discover
2403-config`MD, DO, DDS, DMD, DPM, DVM
2412-config`Cinnaminson|Woodbury|Willingboro|Vineland|Runnemede|Totowa|E. Brunswick|Lodi|Springfield|Watchung|Hazlet|Cherry Hill|Mt Ephraim|Hamilton Square|Ledgewood|Vineland PA|East Brunswick PA|Hazlet PA
2446-config`Fane - Wyantskill Checks|Fane - Schaghticoke Checks|Fane - Trucking Checks
2484-config`South Main Dental|Admire Dental|Barnum Dental|Newfield Dental
2485-config`Employee Pension Fund
2488-config`With Docs|No Docs
2489-config`Sonnenberg Business Cards|Goldkind Business Cards|Arvay Business Cards|Hollywood Business Cards|Dinowitz Business Cards|All Doctors Business Cards
2490-config`Canal Walk Checks|Aspen Court Ventures|Briar Manor Developers|Bridge Walk|Cedar Manor|Green Hill Manor Developers|Gateway Assoc. of Hillsborough|Green Hill Manor Villa|Fairway At Forsgate|North Hill Developers|Route 206 Enterprises|Summerfields Corner|Summerfields Loft|Summerfields Senior Residences|Sunnymeade Run
2492-config`Checks - NPH Properties|Checks - Cost Center|Checks - Section 8
2493-config`Checks - Church Ridge Apts.|Checks - Rental Properties
2495-config`Business Cards-Caparco|Business Cards - Liotti
2505-config`Navin Dua Cards|Donna Morgan Cards
2506-config`T&R Checks (Acct #92522)|T&R Checks (Acct #07984)
